<?xml version="1.0" encoding="UTF-8"?>
<feature id="org.testng.p2.feature" label="TestNG P2 Feature" version="6.14.2.r201802161450" provider-name="TestNG Team">
  <plugin id="com.beust.jcommander" download-size="0" install-size="0" version="1.72" unpack="false" />
  <plugin id="com.beust.jcommander.source" download-size="0" install-size="0" version="1.72" unpack="false" />
  <plugin id="org.apache-extras.beanshell.bsh" download-size="0" install-size="0" version="2.0.0.b6" unpack="false" />
  <plugin id="org.apache-extras.beanshell.bsh.source" download-size="0" install-size="0" version="2.0.0.b6" unpack="false" />
  <plugin id="org.testng" download-size="0" install-size="0" version="6.14.2.r201802161450" unpack="false" />
  <plugin id="org.testng.source" download-size="0" install-size="0" version="6.14.2.r201802161450" unpack="false" />
  <plugin id="org.yaml.snakeyaml" download-size="0" install-size="0" version="1.17.0" unpack="false" />
  <plugin id="org.yaml.snakeyaml.source" download-size="0" install-size="0" version="1.17.0" unpack="false" />
</feature>